icao,active,iata,fs,name,phoneNumber
LCI,True,LF,LCI,Lao Central Airlines ,
TGU,True,5U,TGU,TAG,
BTI,True,BT,BT,Air Baltic,
DAN,True,9J,9J,Dana Airlines,
RNE,True,2O,2O,Island Air Service,
,True,DP,DP*,Pobeda,
,True,9Y,9Y*,National Airways,
NPT,True,,NPT,Atlantic Airlines,
ICV,True,C8,C8,Cargolux Italia,
WTA,True,FK,FK,Africa West,
,True,DH,DH*,Norwegian Air Norway,
EVS,True,8K,8K,EVAS Air Charters,
,True,FP,FP*,S.A.C.,
CJT,True,W8,W8,Cargojet,
KLS,True,KD,KLS,Kal Star Aviation,
ALY,True,YZ,YZ*,Alas Uruguay,
JBW,True,3J,JBW,Jubba Airways (Kenya),
HCC,True,HC,HCC,Holidays Czech Airlines,
APJ,True,MM,APJ,Peach Aviation,
TUY,True,L4,TUY,LTA,
LAE,True,L7,LAE,LANCO,
LTR,True,L5,L5*,Lufttransport,
CIM,True,QA,QA,Cimber,
KBZ,True,K7,KBZ,Air KBZ,
TNU,True,8B,TNU,TransNusa,
LYC,True,L2,L2,Lynden Air Cargo,
AFU,True,2F,2F*,Afrinat International,
MPK,True,I6,MPK,Air Indus,
CAO,True,,CAO,Air China Cargo ,
VTI,True,UK,UK*,Vistara,
BEK,True,Z9,BEK,Bek Air,
IAE,True,IO,IAE,IrAero,
,True,GL,GL*,Airglow Aviation Services,
WLB,True,W7,W7*,Wings of Lebanon,
ATN,True,8C,ATN,ATI,
GUG,True,GU,GU,Aviateca Guatemala,
GHY,True,,GHY,German Sky Airlines ,
CRL,True,SS,SS,Corsair,
CCM,True,XK,XK,Air Corsica,
JAB,True,W9,W9*,Air Bagan,
AZN,True,Z8,Z8*,Amaszonas,
SSF,True,D2,D2,Severstal Aircompany,
SNC,True,2Q,SNC,Air Cargo Carriers,
AUK,True,UI,UI*,Auric Air,
PST,True,7P,PST,Air Panama,
AEW,True,VV,VV,Aerosvit Airlines,
LMU,True,UJ,UJ,AlMasria,
MLD,True,9U,9U,Air Moldova,
AVN,True,NF,NF,Air Vanuatu,678 238 48
NJS,True,NC,NJS,Cobham Aviation,
,True,1B,1B,British Airways Cargo,
KJA,True,2S,2S*,Kinda Airlines,
BSX,True,5B,BSX,Bassaka Air,
IIA,True,I7,IIA,Inter Iles Air,
GEC,True,,GEC,Lufthansa Cargo ,
,True,YG,YG*,YTO Cargo,
CND,True,CD,CND,Corendon Dutch Airlines,
AIC,True,AI,AI,Air India,
TAH,True,,TAH,Air Moorea,
ADH,True,AP,AP,Air One,
GZP,True,4G,4G,Gazpromavia,
IBK,True,D8,D8*,Norwegian Air International,
ABR,True,AG,AG,ASL Airlines Ireland,
PRW,True,6F,PRW,Primera Air Nordic,
RAC,True,,RAC,Ryukyu Air Commuter,
HBH,True,NS,NS,Hebei Airlines,
JLX,True,J0,J0,Jet Link Express,
,True,UW,UW*,Uni-Top Airlines,
ODM,True,5F,5F*,Pan African Airways,
FYW,True,,FYW,Flyways Linhas Aereas,
RIO,True,,RIO,Rio Linhas Aereas,
SID,True,,SID,Sideral Linhas Aereas,
MFG,True,8G,MFG,Fly Mid Africa,
UMK,True,2N,UMK,Yuzmashavia,
EAK,True,6Z,EAK,Euro-Asia Air,
XLF,True,SE,SE,XL Airways France,
TBZ,True,,TBZ,ATA Airlines,
MHV,True,M2,MHV,MHS Aviation,
BGN,True,,BGN,Air Inter Transport,
SHT,True,,SHT,British Airways Shuttle,
NAC,True,NC,NC,Northern Air Cargo,
ROU,True,RV,RV*,Air Canada rouge,
,True,GX,GX*,Guangxi Beibu Gulf Airlines,
BGM,True,2B,BGM,Ak Bars Aero,
PAM,True,,PAM,MAP Linhas Aereas,
BRJ,True,YB,YB*,Bora Jet,
OAW,True,2L,2L,Helvetic Airways,
NMA,True,NE,NE*,Nesma Airlines,
ORC,True,OC,OC,Oriental Air Bridge,
RXP,True,,RXP,RAM Express,
FLE,True,F8,F8*,Flair Airlines,
SLD,True,,SLD,Silver Air,
PAQ,True,PE,PE*,Pacific Air Express,
AJI,True,7Z,AJI,Ameristar Jet Charter,
TEZ,True,,TEZ,Tez Jet,
CYF,True,U8,CYF,Tus Airways,
VJC,True,VJ,VJC,VietJet Air,
ACP,True,8V,ACP,Astral Aviation,
IAD,True,I5,I5*,AirAsia India,
BER,True,AB,AB,Air Berlin,
SYA,True,FS,SYA,Syphax Airlines,
ETR,True,E4,ETR,Estelar,
ECO,True,8J,ECO,EcoJet,
SXD,True,XG,XG,SunExpress Deutschland,
MML,True,MR,MML,Hunnu Air,
CCA,True,CA,CA,Air China,1-800-986-1985
,True,5L,5L*,Fly Salone,
ATV,True,,ATV,Avanti Air,
GSW,True,GM,GM*,Germania Flug,
AIE,True,3H,3H,Air Inuit,
LAL,True,WJ,WJ,Air Labrador,
ACA,True,AC,AC,Air Canada,1-800-247-2262
MDG,True,MD,MD,Air Madagascar,
FJI,True,FJ,FJ,Fiji Airways,1-800-227-4446
VGO,True,E3,VGO,NewGen Airways,
HAY,True,HK,HAY,Hamburg Airways,
TVP,True,3Z,TVP,Travel Service Polska,
VOE,True,V7,VOE,Volotea,
AMF,True,A8,AMF,Ameriflight,
UGB,True,U7,U7,Air Uganda,
,True,QD,QD*,Dobrolet,
PPL,True,OP,OP*,Air Pegasus,
TRQ,True,3T,TRQ,Tarco Air,
ASY,True,,ASY,Royal Australian Air Force,
CWM,True,CW,CW,Air Marshall Islands,1-692-625-3733
ANZ,True,NZ,NZ,Air New Zealand,1-800-262-1234
ANG,True,PX,PX,Air Niugini,
ANE,True,YW,YW,Air Nostrum,
TRS,True,FL,FL,AirTran,1-800-247-8726
AXE,True,ED,ED*,Air Explore,
XOJ,True,,XOJ,XOJET,
WOW,True,WW,WW*,WOW Air,
BBC,True,BG,BG,Biman Bangladesh Airlines,
CLJ,True,,CLJ,Cello Aviation,
SGO,True,IV,SGO,VVB Aviation Malta,
ASA,True,AS,AS,Alaska Airlines,1-800-252-7522
EXZ,True,B5,B5,Fly SAX,
DCT,True,,DFL,Directflight Limited,
BMR,True,BM,BM,bmi Regional,
AKX,True,EH,EH,ANA Wings,
NLV,True,JN,JN*,New Livingston,
BAY,True,,BAY,Bravo Airways,
DJT,True,B0,DJT,La Compagnie,
,True,AQ,AQ*,9 Air Co,
IKM,True,S9,S9,Starbow,
SKY,True,BC,BC,Skymark Airlines,
AUA,True,OS,OS,Austrian,
,True,LB,LB*,Air Costa,
CFE,True,CJ,CJ,BA CityFlyer,
FZW,True,Z7,Z7*,Fly Africa Zimbabwe,
FDK,True,4J,4J*,Flydamas,
,True,EF,EF*,Fly CamInter,
EVE,True,E9,EVE,Evelop Airlines,
UCA,True,C5,C5,CommutAir,
IBB,True,NT,NT,Binter Canarias,
CUO,True,,CUO,Aero Cuahonte,
,True,SO,SO*,Apex Airline,
BLF,True,KF,KF,Blue1,
BMS,True,0B,0B,Blue Air,
BAW,True,BA,BA,British Airways,1-800-AIRWAYS
SBW,True,,SBW,Snowbird Airlines,
SJM,True,,SJM,Sino Jet,
DNV,True,D9,D9,Donavia,
CPA,True,CX,CX,Cathay Pacific,
BEL,True,SN,SN,Brussels Airlines,
,True,I4,I4*,Island Air Express,
CJA,True,C6,C6,CanJet Airlines,
BON,True,JA,JA,B and H Airlines,
NRL,True,N5,N5*,Nolinor,
CES,True,MU,MU,China Eastern Airlines,
JJP,True,GK,GK,Jetstar Japan,
CGK,True,C4,4C*,Click Airways,
CLH,True,CL,CL,Lufthansa CityLine,
GDC,True,CN,CN,Grand China Air,
CSN,True,CZ,CZ,China Southern Airlines,
,True,DJ,DJ*,AirAsia Japan,
FIV,True,,FIV,CitationAir,
,True,BS,BS*,US-Bangla Airlines,
CFG,True,DE,DE,Condor,
AGY,True,EO,AGY,Air Go Egypt,
NGL,True,VM,VM*,Max Air,
CIU,True,A2,A2,Cielos Del Peru,
CSA,True,OK,OK,CSA,
GTA,True,E8,GTA,City Airways,
XAX,True,D7,D7,AirAsia X,
CSV,True,CQ,CQ*,Coastal Aviation,
KEM,True,5Z,KEM,CemAir,
CSS,True,O3,O3,SF Airlines,
FEG,True,FT,FT*,FlyEgypt,
DTS,True,DH,DTS,Douniah Airlines,
AHX,True,MZ,AHX,Amakusa Air,
EZY,True,U2,U2,easyJet,
EXT,True,,EXT,Nightexpress,
PTG,True,,PTG,PrivatAir Germany,
KTK,True,ZF,KTK,Katekavia,
,True,OG,OG*,Originair,
DWI,True,,DWI,Dominican Wings,
PLM,True,EB,EB,Wamos Air,
NIN,True,6N,NIN,Niger Airlines,
FTZ,True,FN,FTZ,Fastjet,
SME,True,M4,M4*,Smart Aviation,
DAT,True,,DAT,Dart Airlines,
ARN,True,,ARN,Aeronexus,
OBS,True,6O,OBS,Orbest S.A.,
FBC,True,7B,FBC,Fly Blue Crane,
HCV,True,7Z,7Z,Halcyonair,
HHN,True,HR,HR,Hahn Air,
OMT,True,CC,OMT,CM Airlines,
GAI,True,3R,3R,Moskovia Airlines,
GBQ,True,3G,GBQ,Gambia Bird,
MSL,True,M7,M7,Marsland Aviation,
GRF,True,6P,6P,Gryphon Airlines,
IWY,True,JY,JY,interCaribbean Airways,
SPN,True,H8,SPN,Sepahan Airlines,
UKL,True,,UKL,Ukraine Air Alliance,
,True,PL,PL*,Southern Air Charter,
GUN,True,GV,GV,Grant Aviation,
HVY,True,HN,HN*,Heavylift Cargo,
ENT,True,E4,ENT,Enter Air,
CJX,True,RY,RY*,Jiangxi Airlines,
QAI,True,C4,C4*,Conquest Air Cargo,
HTG,True,,HTG,Grossman Air Service,
,True,H3,H3,Harbour Air,
HKI,True,,HKI,Hawkaire,
MCM,True,YO,YO,Heli Air Monaco,
LIZ,True,Q9,LIZ,Air Liaison,
AAH,True,KH,KH,Aloha Air Cargo,
RJD,True,RG,RJD,Rotana Jet,
SVB,True,,SVB,SiAvia,
KMF,True,RQ,RQ,Kam Air,
QXE,True,QX,QX,Horizon Air,
IBE,True,IB,IB,Iberia,
IRQ,True,QB,IRQ,Qeshm Air,
CMV,True,3C,CMV,Calima Aviacion,
BTK,True,ID,ID*,Batik Air,
KHK,True,KW,KHK,Kharkiv Airlines,
ORK,True,,ORK,Orca Airways,
RDS,True,T4,T4*,Rhoades Aviation,
MSF,True,,MSF,Minsheng International Jet,
XAK,True,P2,P2,Airkenya,
LBY,True,LZ,LZ,Belle Air,
JAL,True,JL,JL,JAL,
EKA,True,E7,EKA,Equaflight Service,
JEX,True,,JC,JAL Express,
MBB,True,ZM,MBB,Air Manas,
ANO,True,TL,TL*,Airnorth,
AIP,True,5A,5A,Alpine Air Express,
LLP,True,P7,LLP,Small Planet Airlines Polska,
JBU,True,B6,B6,JetBlue Airways,
ATG,True,F5,ATG,Aerotrans Cargo,
EPR,True,,EPR,Express Airways,
AKK,True,6L,6L,Aklak Air,
CQN,True,OQ,CQN,Chongqing Airlines,
MXD,True,OD,MXD,Malindo Air,
OTJ,True,X5,X5*,Ten Airways,
HTK,True,HT,HT*,Ningxia Cargo Airlines,
KLM,True,KL,KL,KLM,
LAN,True,LA,LA,LAN Airlines,
VVC,True,FC,VVC,VivaColombia,
MKG,True,P8,P8,Air Mekong,
PTB,True,2Z,P3,Passaredo,
,True,J5,J5,Alaska Seaplanes,
DYA,True,2D,2D*,Dynamic Airways,
DQA,True,Q2,Q2,Maldivian,
,True,J1,J1,One Jet,
HIM,True,H9,H9*,Himalaya Airlines,
LOT,True,LO,LO,LOT - Polish Airlines,
DSM,True,4M,4M,Lan Argentina,
AAZ,True,,AAZ,Aeolus Air,
ASH,True,YV,YV,Mesa Airlines,
TTW,True,IT,TTW,Tigerair Taiwan,
SJO,True,IJ,SJO,Spring Airlines Japan,
RGR,True,3R,RGR,Avior Regional,
MAS,True,MH,MH,Malaysia Airlines,
PAO,True,OL,PAO,Polynesian Airlines,
AZG,True,7L,7L*,Silk Way West,
PVN,True,P9,P9,Peruvian Airlines,
BRH,True,,BRH,Star Air,
NLY,True,HG,HG,NIKI,
POE,True,PD,PD,Porter Airlines,
CTV,True,QG,CTV,Citilink,
IBS,True,I2,I2,Iberia Express,
,True,T2,T2*,Nakina Air Service,
MMZ,True,YU,MMZ,euroAtlantic Airways,
EAN,True,NB,NB*,Skypower Express Airways,
,True,UE,UE,NasAir (Eritrea),
AJA,True,HN,HN,Afghan Jet International,
,True,N6,N6*,Bay Air Aviation,
MMA,True,8M,8M,Myanmar Airways International,
MON,True,ZB,ZB,Monarch Airlines,
RNA,True,RA,RA,Nepal Airlines,
NEA,True,EJ,EJ,New England Airlines,
MWA,True,WV,MWA,Midwest Airlines,
LER,True,QL,QL,LASER Airlines,
PEV,True,PE,PEV,Peoples Viennaline,
PAC,True,PO,PO,Polar Air Cargo,
TRJ,True,,TRJ,TruJet,
ENJ,True,EG,EG*,Enerjet,
SQM,True,O8,O8*,Siam Air,
LNI,True,JT,JT*,Lion Air,
CHB,True,PN,PN,West Air (China),
CNF,True,PM,PM,Canary Fly,
ORB,True,R2,R2,ORENAIR,
PFZ,True,P0,P0,Proflight Zambia,
RIE,True,,RIE,Ariella Airlines,
PSW,True,,PSW,Pskovavia,
LYN,True,QH,QH,Air Kyrgyzstan,
QFA,True,QF,QF,Qantas,
JIA,True,OH,JIA,PSA Airlines,
WSF,True,WH,WH*,Westair Benin,
FLG,True,9E,9E,Endeavor Air,
THD,True,WE,WE*,Thai Smile,
VLG,True,VY,VY,Vueling,
RGE,True,RX,RX,Regent Airways,
RAE,True,YS,YS,HOP!-REGIONAL,
RHC,True,8L,8L*,Redhill Aviation,
PAG,True,YP,PAG,Perimeter Aviation,
,True,M8,M8*,Skyjet,
PDT,True,PT,PDT,Piedmont Airlines,
DAP,True,V5,DAP,Aerovias DAP,
MTL,True,,MTL,RAF-Avia,
RKM,True,RT,RKM,RAK Airways,
RIG,True,,RIG,Riga Airlines,
RPK,True,R0,R0,Royal Airlines,
RSC,True,,RSC,Canarias Airlines,
RFR,True,RR,RR,Royal Air Force,
EXY,True,XZ,XZ,SA Express,
SFW,True,4Q,4Q,Safi Airways,
LNK,True,4Z,4Z,Airlink (South Africa),
RFJ,True,RL,RFJ,Royal Falcon,
RLU,True,7R,7R,RusLine,
RAM,True,AT,AT,Royal Air Maroc,
VAR,True,VU,VU*,VECA,
QAF,True,,QAF,Qatar Amiri Flight,
RZA,True,,RZA,Royal Zimbabwe Airlines,
ABW,True,RU,RU,AirBridgeCargo,
SAS,True,SK,SK,SAS,
KDS,True,,KDS,Makani Kai Air,
MDL,True,RI,RI,Tigerair Mandala,
RYR,True,FR,FR,Ryanair,
WON,True,IW,IW,Wings Air (Indonesia),
PSV,True,5S,5S*,S.A.P.,
AMP,True,4A,4A,ATSA,
SGX,True,,SGX,Saga Airlines,
SIR,True,,SIR,Salair,
SVA,True,SV,SV,Saudia,
SNA,True,,SNA,Senator Aviation Charter,
CMM,True,I5,I5,Societe Nouvelle Air Mali,
SLL,True,,SKK,Skylink Aviation,
SMR,True,SZ,SMR,Somon Air,
,True,8D,8D*,Servant Air,
SNM,True,,SNM,Servizi Aerei,
OLS,True,8R,OLS,SOL,
,True,G2,G2*,Guinea Lineas Aereas,
,True,JG,JG*,JetGo Australia,
DKT,True,,DKT,Encore Air Cargo,
RYN,True,RN,RD,Ryan International Airlines,
SUA,True,,SUA,Silesia Air,
AGU,True,2G,IK,Angara Airlines,
SGG,True,DN,SGG,Senegal Airlines,
NIA,True,NP,NP,Nile Air,
SRK,True,SX,SX,SkyWork Airlines,
SIO,True,,SIO,Sirio,
,True,JW,JW*,Skippers Aviation,
SIA,True,SQ,SQ,Singapore Airlines,
CUH,True,UQ,UQ*,Urumqi Airlines,
AMS,True,,AMS,ASTA Linhas Aereas,
SKL,True,,SKL,Skycharter,
SKW,True,OO,OO,SkyWest Airlines,
SSG,True,,SSG,Slovak Government Flying Service,
ART,True,6Y,6Y,SmartLynx Airlines,
RSE,True,,RSE,SNAS Aviation,
SRY,True,VC,SRY,ViaAir,
SUS,True,EZ,EZ*,Sun-Air,
SUB,True,,SUB,Suburban Air Freight,
MAV,True,,MAV,Minoan Air,
SJY,True,SJ,SJ,Sriwijaya Air,
SLX,True,,SLX,SETE Linhas Aereas,
STP,True,8F,8F,STP Airways,
SRU,True,2I,2I,Star Peru,
SPW,True,,SPW,Speedwings,
SWQ,True,Q7,SWQ,Swift Air,
SEJ,True,SG,SG,SpiceJet,
PVG,True,P6,P6*,Privilege Style,
CNK,True,,CNK,Sunwest Aviation,
HKA,True,SO,SO,Superior Aviation,
TWB,True,TW,TWB,T'Way Air,
BCS,True,QY,QY,EAT Leipzig,
SWU,True,,SWU,Swiss Global Air Lines,
,True,2U,2U,Sun d'Or,
EKG,True,L8,EKG,Afric Aviation,
TXZ,True,EX,TXZ,Thai Express,
,True,KD,KD*,Western Global,
ALD,True,AL,AL*,Air Leisure,
TBN,True,HH,HH,Taban Airlines,
SXS,True,XQ,XQ,SunExpress,
SWA,True,WN,WN,Southwest Airlines,1-800-435-9792
,True,TT,TT,Tigerair Australia,
TPU,True,T0,T0,TACA Peru,
LAP,True,PZ,PZ,TAM,
MYX,True,,MYX,SmartLynx Airlines Estonia,
THE,True,9D,9D,Toumai Air,
TSO,True,UN,UN,Transaero Airlines,
TNM,True,3P,3P,Tiara Air Aruba,
TJK,True,7J,7J,Tajik Air,
TDM,True,TQ,TQ,Tandem Aero,
LOF,True,AX,AX,Trans States Airlines,
TAP,True,TP,TP,TAP Portugal,
TTL,True,,TTL,Total Linhas Aereas,
DTH,True,SF,SF,Tassili Airlines,
TOM,True,BY,TOM,Thomson,
TVR,True,T6,TVR,Tavrey Air Company,
APG,True,PQ,PQ,Philippines AirAsia,
THA,True,TG,TG,Thai Airways International,
,True,7U,7U*,Commercial Aviation Services,
FCM,True,N7,FC,Nordic Regional Airlines,
TAM,True,JJ,JJ,TAM Linhas Aereas,
TAY,True,3V,3V,TNT Airways,
HKS,True,,HKS,CHC Helikopter Service,
TJT,True,T7,T7,Twin Jet,
TNA,True,GE,GE,TransAsia Airways,
TVF,True,TO,TO,Transavia France,
TVL,True,7O,7O,Travel Service Hungary,
NVQ,True,VQ,VQ*,Novoair,
TGO,True,,TGO,Transport Canada,
TRA,True,HV,HV,Transavia,
,True,ZR,ZR,Punto Azul,
,True,8S,8S,Turbojet,
TWJ,True,,TWJ,Twinjet Aviation,
TMG,True,GM,TMG,Tri-MG Intra Asia Airlines,
,True,O3,O3*,Orange Air,
THY,True,TK,TK,Turkish Airlines,
VRE,True,HF,VRE,Air Cote D'Ivoire,
EAB,True,E2,EAB,Eagle Atlantic Airlines,
SNR,True,ZU,ZU*,Sun Air,
AWE,True,US,US,US Airways,1-800-943-5436
LOG,True,LM,LOG,Loganair,
NCT,True,XW,XW*,NokScoot,
FGE,True,9Y,FGE,Fly Georgia,
,True,BU,BU*,CAA,
IYE,True,IY,IY,Yemenia,
WZZ,True,W6,W6,Wizz Air,
GHN,True,AG,GHN,Air Ghana,
WEW,True,,WEW,Pronto Airways,
WIA,True,WM,WM,Winair,
WSG,True,WT,WSG,Wasaya Airways,
WAU,True,WU,WU,Wizz Air Ukraine,
ANR,True,YE,ANR,YanAir,
CXE,True,9Q,9Q*,Caicos Express Airways,
ITI,True,T6,ITI,Island Transvoyager,
WJA,True,WS,WS,WestJet,
WIF,True,WF,WF,Wideroe,
CXA,True,MF,MF,Xiamen Airlines,
,True,IP,IP*,Apsara International,
,True,LC,LC*,ECAir,
WHT,True,WI,WHT,White Airways,
,True,IN,IN*,Nam Air,
,True,KI,K9*,KrasAvia,
,True,X7,X7,Exec Air,
,True,BD,B9*,Cambodia Bayon Airlines,
ELB,True,EL,ELB,Ellinair,
GOT,True,,GOT,Waltair Europe,
BAF,True,,BAF,Belgian Air Force,
,True,Z5,Z5*,Global Africa Aviation,
,True,JI,JI*,Meraj Air,
VAP,True,,VAP,Phuket Air,
JTF,True,,JTF,Jet Time Finland,
TVQ,True,6D,TVQ,Travel Service Slovakia,
MEM,True,,MEM,ICAR,
ACT,True,,ACT,Flight Line,
AEK,True,A4,A4,Aerocon,
,True,2Y,2Y*,My Indo Airlines,
SLC,True,SO,SLC,SALSA d Haiti,
,True,OJ,OJ*,Fly Jamaica Airways,
ACX,True,6U,6U,ACG,
SVF,True,,SVF,Swedish Air Force,
FOX,True,5G,5G*,Fly540 Ghana,
AXL,True,Q3,AAS,Anguilla Air Services,
CRC,True,QC,CAC,Camair-Co,
TWG,True,TZ,TWG,Air-Taxi Europe,
BVI,True,XV,BVI,BVI Airways,
NSJ,True,,NSJ,Nanshan Jet,
KND,True,K8,KND,Kan Air,
EPA,True,DZ,EPA,Donghai Airlines,
FCV,True,,FCV,Nav Air Charter,
,True,9G,9GR,9G Rail,
NSO,True,P4,P4,Aerolineas Sosa,
RUC,True,5R,RUC,Rutaca Airlines,
,True,6U,6U*,Unique Air,
KGO,True,ZC,KGO,Korongo Airlines,
FAO,True,,FAO,Falcon Air,
RVP,True,WV,RVP,Aero Vip (Portugal),
SWZ,True,C9,S8*,Skywise,
KRN,True,U5,KRN,Karinou Airlines,
JON,True,,JON,Jonair,
ACO,True,,ACO,Aero Comondu,
PAU,True,P7,PAU,Palau Airways,
GZQ,True,Z4,GZQ,ZagrosJet,
KRL,True,,KRL,Kiwi Regional Airlines,
AEE,True,A3,A3,Aegean Airlines,
VTS,True,5V,3Z,Everts Air Cargo,
,True,IQ,IQ*,Qazaq Air,
FBA,True,IF,IF*,Fly Baghdad,
TDR,True,C3,TDR,Trade Air,
SHY,True,ZY,SHY,Sky Airlines,
HFY,True,5K,HFY,Hi Fly,
CIN,True,C7,C7*,Cinnamon Air,
CSZ,True,ZH,ZH,Shenzhen Airlines,+86 755 95080-8
REU,True,UU,UU,Air Austral,
UZB,True,HY,HY,Uzbekistan Airways,
TNT,True,7T,7T,Trans North Aviation,
ORG,True,O7,O7,Orenburzhye,
JZA,True,QK,QK,Jazz,
NOS,True,NO,NO,Neos,
ABX,True,GB,GB,ABX Air,
NWS,True,N4,N4*,Nordwind Airlines,
VIL,True,V6,VIL,VI Airlink,
REA,True,RE,RE,Stobart Air,
LYM,True,KG,LYM,Key Lime Air,
PTR,True,9P,PTR,Air Arabia Jordan,
AFR,True,AF,AF,Air France,1-800-237-2747
ASQ,True,EV,EV,ExpressJet,
ENY,True,MQ,MQ,Envoy Air,
MDM,True,N5,MDM,Medavia,
KOR,True,JS,JS,Air Koryo,
AZA,True,AZ,AZ,Alitalia,
AAL,True,AA,AA,American Airlines,1-800-433-7300
DLH,True,LH,LH,Lufthansa,
AFL,True,SU,SU,Aeroflot,
COA,True,CO,CO,Continental Airlines,1-800-523-3273
DAL,True,DL,DL,Delta Air Lines,1-800-221-1212
ELY,True,LY,LY,El Al,
FIN,True,AY,AY,Finnair,
ARG,True,AR,AR,Aerolineas Argentinas,1-800-333-0276
ARU,True,AG,AG*,Aruba Airlines,
SWR,True,LX,LX,SWISS,
UAL,True,UA,UA,United Airlines,1-800-864-8331
ANA,True,NH,NH,ANA,1-800-235-9262
ADR,True,JP,JP,Adria Airways,
EIN,True,EI,EI,Aer Lingus,1-800-IRISHAIR
AZU,True,AD,AD,Azul,
AMX,True,AM,AM,Aeromexico,1-800-237-6639
DAH,True,AH,AH,Air Algerie,
MAU,True,MK,MK,Air Mauritius,
GRL,True,GL,GL,Air Greenland,
AMC,True,KM,KM,Air Malta,
SCO,True,TZ,TZ,Scoot,1-800-435-9282
AEA,True,UX,UX,Air Europa,
AAR,True,OZ,OZ,Asiana Airlines,
VIT,True,MV,VIT,Aviastar,
AVA,True,AV,AV,AVIANCA,
CHQ,True,RP,RP,Chautauqua Airlines,
CAL,True,CI,CI,China Airlines,
ARE,True,4C,4C,LAN Colombia,
EWG,True,EW,EW,Eurowings,
CHH,True,HU,HU,Hainan Airlines,
PBN,True,,PBI,Virgin Australia (NZ),
SAA,True,SA,SA,South African Airways,
BCY,True,WX,WX,Cityjet,
GLO,True,G3,G3,Gol,
GFA,True,GF,GF,Gulf Air,
FDY,True,6G,6G,Sun Air Express,
HDA,True,KA,KA,Dragonair,
EZS,True,DS,DS,Easyjet Switzerland,
QDA,True,QW,QW*,Qingdao Airlines,
PTN,True,GP,GP,Pantanal Linhas Aereas,
BEE,True,BE,BE,Flybe,
EXS,True,LS,LS,Jet2,
SBI,True,S7,S7,S7 Airlines,
CDC,True,GJ,GJ*,Zhejiang Loong Airlines,
CAW,True,MN,MN,Comair,
UAE,True,EK,EK,Emirates,
ETH,True,ET,ET,Ethiopian Airlines,
ETD,True,EY,EY,Etihad Airways,
MSR,True,MS,MS,EgyptAir,
EVA,True,BR,BR,EVA Air,
RPB,True,P5,P5,Copa Airlines Colombia,
FFT,True,F9,F9,Frontier Airlines,
GIA,True,GA,GA,Garuda Indonesia,
GWI,True,4U,4U,Germanwings,
AIA,True,U3,U3,Avies,
QTR,True,QR,QR,Qatar Airways,
CMP,True,CM,CM,Copa Airlines,
JST,True,JQ,JQ,Jetstar,
JAI,True,9W,9W,Jet Airways (India),
KAL,True,KE,KE,Korean Air,
SLK,True,MI,MI,SilkAir,
CDG,True,SC,SC,Shandong Airlines,
,True,CB,CB*,Trans Caribbean Air,
HYD,True,0Q,0Q,Hydro - Quebec,
NAX,True,DY,DY,Norwegian Air Shuttle,
EFY,True,EF,EFY,EasyFly,
RJA,True,RJ,RJ,Royal Jordanian,
VLM,True,VG,VG,VLM,
AAY,True,G4,G4,Allegiant Air,
NKS,True,NK,NK,Spirit Airlines,
AWI,True,ZW,ZW,Air Wisconsin,
TAI,True,TA,TA,TACA,
GAP,True,2P,2P,PAL Express,
BOT,True,BP,BP,Air Botswana,
FWI,True,TX,TX,Air Caraibes,
CQH,True,9C,9C,Spring Airlines,
ADO,True,HD,HD,Air Do,
GLG,True,2K,2K,AeroGal,
BOV,True,OB,OB,BoA,
TBA,True,TV,TV,Tibet Airlines,
ABY,True,G9,G9,Air Arabia,
BMJ,True,CH,CH,Bemidji Aviation,
FLY,True,I4,FLY,I-Fly,
CPN,True,IV,RV,Caspian Airlines,
FXI,True,NY,NY,Air Iceland,
CRQ,True,YN,YN,Air Creebec,
ABQ,True,PA,ABQ,Airblue,
DLA,True,EN,EN,Air Dolomiti,
VRD,True,VX,VX,Virgin America,
AMU,True,NX,NX,Air Macau,
AML,True,QM,QM,Air Malawi,
ACI,True,SB,SB,Aircalin,
THT,True,TN,TN,Air Tahiti Nui,
TSC,True,TS,TS,Air Transat,
ABL,True,BX,BX,Air Busan,
AZW,True,UM,UM,Air Zimbabwe,
HVN,True,VN,VN,Vietnam Airlines,
AIZ,True,IZ,IZ,Arkia Israeli Airlines,
ALV,True,VH,VH,Aeropostal,
VSV,True,DV,DV,SCAT Airlines,
AFG,True,FG,FG,Ariana Afghan Airlines,
VIR,True,VS,VS,Virgin Atlantic,
AXM,True,AK,AK,AirAsia,
OCA,True,R7,R7,Aserca Airlines,
AUB,True,IQ,IQ,Augsburg Airways,
AUT,True,AU,AU,Austral,
RNV,True,U8,U8,Armavia,
LZB,True,FB,FB,Bulgaria Air,
KRP,True,V3,V3,Carpatair,
GOW,True,G8,G8,GoAir,
UEA,True,EU,EU,Chengdu Airlines,
JSA,True,3K,3K,Jetstar Asia,
KPA,True,VD,VD,Henan Airlines,
JAC,True,JC,3X,Japan Air Commuter,
LXA,True,,LXA,Luxaviation,
CYP,True,CY,CY,Cyprus Airways,
CEB,True,5J,5J,Cebu Pacific Air,
CPZ,True,CP,CP,Compass Airlines,
KLC,True,WA,WA,KLM Cityhopper,
EAQ,True,,QFA,Eastern Australia,
ELL,True,OV,OV,Estonian Air,
HAL,True,HA,HA,Hawaiian Airlines,
JNA,True,LJ,LJ,Jin Air,
TGZ,True,A9,A9,Georgian Airways,
FDB,True,FZ,FZ,flydubai,
AWQ,True,QZ,QZ,Indonesia AirAsia,
LAA,True,LN,LN,Libyan Airlines,
ICE,True,FI,FI,Icelandair,
SIL,True,3M,3M,Silver Airways,
ISK,True,3L,3L,InterSky,
KEA,True,XE,XE,Korea Express Air,
JJA,True,7C,7C*,Jeju Air,
QNZ,True,,QNZ,Jetconnect,
CRK,True,HX,HX,Hong Kong Airlines ,
EZE,True,T3,T3,Eastern Airways,
JUB,True,6J,6J,Jubba Airways,
LNE,True,XL,XL,Lan Ecuador,
KQA,True,KQ,KQ,Kenya Airways,
ESR,True,ZE,ZE,EASTAR JET,
LKE,True,8L,8L,Lucky Air,
KAC,True,KU,KU,Kuwait Airways,
LRC,True,LR,LR,LACSA,
AMV,True,MZ,AMV,AMC Airlines,
VCV,True,V0,V0,Conviasa,
LPE,True,LP,LP,Lan Peru,
DRK,True,KB,KB,Drukair,
FEA,True,FE,EF,Far Eastern Air Transport,
LAO,True,QV,QV,Lao Airlines,
DNL,True,9H,9H,Dutch Antilles Express,
SOV,True,6W,6W,Saravia,
ONE,True,O6,O6,Avianca Brazil,
AIQ,True,FD,FD,Thai AirAsia,
LGL,True,LG,LG,Luxair,
NIG,True,NG,AJ,Aero,
SCW,True,TF,TF,Malmo Aviation,
MPH,True,MP,MP,Martinair,
ISS,True,IG,IG,Meridiana,
RPA,True,YX,YX,Republic Airlines,
TUA,True,T5,T5,Turkmenistan Airlines,
TAR,True,TU,TU,Tunisair,
OMA,True,WY,WY,Oman Air,
VOI,True,Y4,Y4,Volaris,
PIA,True,PK,PK,Pakistan International Airlines,
PAL,True,PR,PR,Philippine Airlines,
PGA,True,NI,NI,Portugalia Airlines,
VLK,True,XF,XF,Vladavia,
BBR,True,S3,S3,SBA Airlines,
CSC,True,3U,3U,Sichuan Airlines,
KMI,True,8K,8K*,K-Mile Air,
OHY,True,8Q,OHY,Onur Air,
,True,DR,DR*,Ruili Airlines,
TWN,True,V2,TWN,Avialeasing,
SSQ,True,,SSQ,Sunstate Airlines,
SWG,True,WG,SWG,Sunwing,
TYR,True,VO,VO,Tyrolean Airways,
MNG,True,M0,MNG,Aero Mongolia,
OZW,True,XR,XR,Virgin Australia Regional,
TGW,True,TR,TR,Tigerair Singapore,
OAL,True,OA,OA,Olympic Air,
AUL,True,5N,5N,Nordavia Regional Airlines,
ROT,True,RO,RO,TAROM,
VLU,True,VF,VF,Valuair,
PCP,True,5P,5P,PAL Airlines,
IRM,True,W5,W5,Mahan Air,
ALK,True,UL,UL,SriLankan Airlines,
CRN,True,7L,7L,Aerocaribbean,
GCR,True,GS,GS,Tianjin Airlines,
SLI,True,5D,5D,AeroMexico Connect,
AAW,True,8U,8U,Afriqiyah Airways,
AAF,True,ZI,ZI,Aigle Azur,
LPV,True,A6,A6,Air Alps Aviation,
AVJ,True,YK,Z7,Avia Traffic Company,
RBG,True,E5,RBG,Air Arabia Egypt,
MAC,True,3O,3O,Air Arabia Maroc,
MPE,True,5T,5T,Canadian North,
VBW,True,2J,2J,Air Burkina,
TPC,True,TY,TY,Air Caledonie,
HOP,True,A5,HOP,HOP!,
KKK,True,KK,KK,Atlasjet,
AJM,True,JM,JM,Air Jamaica,
BZH,True,DB,DB,HOP!-BRIT AIR,
BHP,True,4T,4T,Belair Airlines,
NMB,True,SW,SW,Air Namibia,
AXB,True,IX,IX,Air India Express,
RLK,True,,RLK,Air Nelson,
URG,True,3N,3N,Air Urga,
SKK,True,KP,KP,ASKY,
LLR,True,9I,CD,Alliance Air,
KAP,True,9K,9K,Cape Air,
,True,6T,6T,Air Mandalay,
BQB,True,5Q,BQB,BQB Lineas Aereas,
BHS,True,UP,UP,Bahamasair,
ROI,True,9V,9V,Avior,
BKP,True,PG,PG,Bangkok Airways,
AUR,True,GR,GR,Aurigny Air Services,
BWA,True,BW,BW,Caribbean Airlines,
HXA,True,G5,G5,China Express Air,
BRU,True,B2,B2,Belavia,
BPA,True,BV,BV,Blue Panorama Airlines,
AHY,True,J2,J2,AZAL Azerbaijan Airlines,
KAR,True,IK,IK*,Ikar,
BHA,True,U4,BHA,Buddha Air,
BRQ,True,UZ,UZ,Buraq Air,
SMX,True,XM,XM,C.A.I. First,
VLE,True,VE,VE,CAI Second,
HYR,True,FA,FA,Private Sky,
CBJ,True,JD,JD,Beijing Capital Airlines,
KHV,True,K6,K6,Cambodia Angkor Air,
CUA,True,KN,KN,China United Airlines,
CTN,True,OU,OU,Croatia Airlines,
CUB,True,CU,CU,Cubana de Aviacion,
INJ,True,,INJ,InterJet Hellenic,
DAO,True,D3,D3,Daallo Airlines,
GFG,True,QB,QB,Sky Georgia,
DUB,True,,DUB,Dubai Air Wing,
DKH,True,HO,HO,Juneyao Airlines,
GLA,True,ZK,ZK,Great Lakes Airlines,
FXX,True,FO,FO,Felix Airways,
FRN,True,,FRN,FirstNation Airways,
ISR,True,6H,6H,Israir Airlines,
FTA,True,2F,2F,Frontier Flying Service,
JAT,True,JU,JU,Air Serbia,
HKE,True,UO,UO,Hong Kong Express,
BRX,True,DC,DC,Braathens Regional,
JAF,True,TB,JAF,Jetairfly,
GJS,True,G7,G7,GoJet Airlines,
RLA,True,AN,A5,HOP!-AIRLINAIR,
XAU,True,A8,XAU,Aerolink Uganda,
UDN,True,Z6,Z6,Dniproavia,
ILN,True,D6,D6,Interair South Africa,
HER,True,UD,UD,Hex'Air,
IRK,True,Y9,Y9,Kish Air,
JZR,True,J9,J9,Jazeera Airways,
IGO,True,6E,6E,IndiGo,
IRA,True,IR,IR,Iran Air,
IAW,True,IA,IA,Iraqi Airways,
DWT,True,F7,DWT,Darwin Airline,
AIJ,True,4O,4O,Interjet,
IVN,True,I3,I3,Ivoirienne de Transport Aerien,
LTM,True,SL,SL*,Thai Lion Air,
JTA,True,NU,NU,Japan Transocean Air,
JOY,True,JR,JR,Joy Air,
JAV,True,R5,JAV,Jordan Aviation,
SYR,True,RB,RB,Syrian Air,
TUI,True,X3,X3,TUIfly,
SDM,True,FV,FV,Rossiya Airlines,
KNA,True,KY,KY,Kunming Airlines,
FDR,True,7V,7V,Federal Air,
AUI,True,PS,PS,UIA,
PLR,True,J3,J3,Northwestern  Air,
RKA,True,PI,RKA,Polar Airlines,
NSE,True,9R,9R,SATENA,
GPD,True,TJ,TJ,Tradewind Aviation,
LCB,True,W4,W4,LC Peru,
TAK,True,U9,U9,Tatarstan Aircompany,
MYD,True,MY,MYD,Maya Island Air,
MEA,True,ME,ME,Middle East Airlines,
OEA,True,OX,OX,Orient Thai Airlines,
PIC,True,BL,BL,Jetstar Pacific,
SKU,True,H2,H2,Sky Airline,
SNJ,True,6J,SNJ,Solaseed Air,
KGL,True,7K,7K,Kolavia,
RWD,True,WB,WB,RwandAir,
TUX,True,UG,UG,TunisAir Express,
TOS,True,9N,TOS,Tropic Air,
RBA,True,BI,BI,Royal Brunei Airlines,
ESL,True,P7,P7,Russian Sky Airlines,
TGN,True,IL,TGN,Trigana Air,
LDE,True,5U,5U,LADE,
SQH,True,K5,K5,SeaPort Airlines,
SCX,True,SY,SY,Sun Country Airlines,
SAI,True,NL,NL,Shaheen Air International,
TCF,True,S5,S5,Shuttle America,
LXP,True,LU,LU,LanExpress,
LNQ,True,,LNQ,Links Air,
KSM,True,,KSM,Kosmos Airlines,
OTL,True,YG,YG,South Airlines,
TLK,True,Q4,Q4,Starlink Aviation,
HRM,True,H3,H3*,Hermes Airlines,
NAO,True,NA,NA,North American Airlines,
ARA,True,W3,W3,Arik Air,
ABV,True,O4,O4,Antrak Air,
VIV,True,VB,VB,VivaAerobus,
,True,QD,QD,AeroVIP (Uruguay),
SVR,True,U6,U6,Ural Airlines,
BBT,True,ZU,ZU,Bashkortavia,
UIA,True,B7,B7,UNI Air,
GUY,True,3S,3S,Air Antilles Express,
SYL,True,R3,R3,Yakutia,
GTV,True,KG,KG,Aerogaviota,
LUR,True,TD,TD,Atlantis European Airways,
BRP,True,,BRP,AeroBratsk,
KZR,True,KC,KC,Air Astana,
TAO,True,VW,VW,Aeromar,
NYT,True,YT,YT,Yeti Airlines,
AFW,True,AW,AFW,Africa World Airlines,
PNX,True,IS,IS*,AIS Airlines,
MEV,True,VL,VL*,Med View Airlines,
ATM,True,,ATM,Par Avion Airlines,
ABD,True,CC,CC,Air Atlanta Icelandic,
AOS,True,,AOS,Aeros Flight Training,
UTN,True,QU,QU,UTair-Ukraine,
SPM,True,PJ,PJ,Air Saint-Pierre,
TOK,True,CG,CG,Airlines PNG,
UTA,True,UT,UT,UTair,
ANT,True,4N,4N,Air North,
UJX,True,UH,UJX,Atlasjet Ukraine,
AXK,True,XU,XU,African Express Airways,
RVL,True,VK,DO,Air Vallee,
,True,I4,I4A,Airlink,
UBD,True,4H,4H,United Airways (BD),
TFL,True,OR,OR,ArkeFly,
LID,True,D4,D4,Alidaunia,
ANS,True,OY,OY,Andes Lineas Aereas,
CIR,True,5F,5F,Arctic Circle Air,
VTA,True,VT,VT,Air Tahiti,
UKM,True,UF,UF,UM Air,
POT,True,YQ,YQ,Aircompany Polet,
LGC,True,L4,L4*,Legacy Air,
CAY,True,KX,KX,Cayman Airways,
BLS,True,JV,JV,Bearskin Airlines,
IZM,True,4I,4I,IZAir,
INC,True,7I,7I,InselAir,
ISV,True,WC,WC,Islena Airlines,
GLR,True,9M,9M,Central Mountain Air,
NCH,True,5B,5B,Chanchangi Airlines,
FFV,True,5H,5H,Fly540,
CXT,True,DQ,DQ,Coastal Air,
TLG,True,IN,TLG,InvestAvia,
DTR,True,DX,DX,Danish Air,
VPA,True,V5,V5,DanubeWings,
MZA,True,IH,MZA,Sapsan Air,
EGU,True,H7,H7,Eagle Air,
EAG,True,,EAG,Eagle Airways,
GIL,True,4L,4L,Georgian International Airlines,
IZA,True,I8,I8,Izhavia,
FDA,True,JH,FDA,Fuji Dream Airlines,
XLK,True,F2,F2*,Safarilink,
DNU,True,R6,R6,DOT LT,
IRC,True,EP,EP,Iran Aseman Airlines,
GMI,True,ST,ST,Germania,
KEW,True,FK,FK*,Kivalliq Air,
IRY,True,,IRY,Eram Air,
IBT,True,,IBT,Ibertrans Aerea,
,True,7N,7N,Inland Aviation,
,True,K8,ZQ,Caribbean Sun Airlines,
FAB,True,7F,7F,First Air,
GOZ,True,ZG,GOZ,Groznyy Avia,
MKU,True,WP,WP,Island Air,
ISA,True,IS,IS,Island Airlines,
JLL,True,S2,S2,JetKonnect,
BPS,True,,BPS,Base Kft,
FXR,True,,FXR,Foxair,
DCV,True,DO,DO*,Discovery Airways,
KEN,True,M5,M5,Kenmore Air,
KBA,True,4K,4K,Kenn Borek Air,
SAT,True,SP,SP,SATA - Air Acores,
SHU,True,HZ,HZ,Aurora,
LAM,True,TM,TM,LAM,
LIA,True,LI,LI,LIAT,
MUL,True,MW,MW,Mokulele Airlines,
RXA,True,ZL,ZL,Rex Regional Express ,
,True,Z8,Z8,Mali Airways,
PTI,True,PV,PTI,PrivatAir Switzerland,
MDA,True,AE,AE,Mandarin Airlines,
MRW,True,6V,6V,Mars RK,
MAI,True,L6,MAU,Mauritania Airlines International,
MLR,True,MJ,MJ,Mihin Lanka,
MGL,True,OM,OM,Miat - Mongolian Airlines,
NYL,True,7Y,7Y,Mid Airlines,
,True,JZ,JZ*,Jatayu Air,
NHG,True,N7,NHG,Brava Linhas Aereas,
NZM,True,NM,NZM,Mount Cook Airlines,
SGN,True,5E,NOK,Nok Mini,
NVR,True,N9,NVR,Novair,
FNA,True,,FNA,Norlandair,
NRC,True,,NRC,North Sea Airways,
NWL,True,HW,HW,North-Wright Airways,
MYI,True,7M,7M,MAYAir,
KGZ,True,LK,KGZ,Kyrgyz Airlines,
BOS,True,EC,EC,OpenSkies,
OLA,True,OJ,OJ,Overland Airways,
,True,3F,3F,Pacific Airways,
PCO,True,8P,8P,Pacific Coastal Airlines,
,True,HI,HI,Papillon Airways,
PSC,True,P6,P6,Pascan Aviation,
SPR,True,PB,PB,Provincial Airlines,
RWZ,True,WZ,WZ,Red Wings,
LRS,True,RZ,RZ,SANSA Regional,
RON,True,ON,ON,Our Airline,
PEN,True,KS,KS,PenAir,
PRF,True,PW,PW,Precision Air,
TYA,True,Y7,TYA,NordStar Airlines,
SBU,True,PV,PV,Saint Barth Commuter,
,True,S6,S6,Salmon Air,
UTX,True,UR,UR,UTair-Express,
WBR,True,3E,3E,Air Choice One,
RZO,True,S4,S4,SATA Internacional,
TVS,True,QS,QS,SmartWings,
SRQ,True,DG,DG,Tigerair Philippines,
SUF,True,PI,PI,Fiji Link,
SCE,True,YR,YR,Scenic Airlines,
ACS,True,,ACS,ASSL,
SUD,True,SD,SD,Sudan Airways,
SLM,True,PY,PY,Surinam Airways,
SKP,True,Q6,Q6,Skytrans,
DTA,True,DT,DT,TAAG,
TCV,True,VR,VR,TACV,
ABS,True,9T,9T,Transwest Air,
RBY,True,V2,V2,Vision Airlines,
AAI,True,,AAI,Air Aurora,
UNF,True,,UNF,Union Flights,
SOL,True,IE,IE,Solomon Airlines,
BDI,True,,BDI,BenAir,
TJS,True,,TYJ,Tyrolean Jet Service,
VES,True,V4,VES,Vieques Air Link,
WDA,True,9C,WDA,Wimbi Dira,
DVR,True,,DVR,Divi Divi Air,
TAN,True,B4,TAN,ZanAir,
AAB,True,,AAB,Abelag Aviation,
BOX,True,3S,BOX,AeroLogic,
TUS,True,M3,M3,ABSA,
MPX,True,QO,QO,AeroMexico Cargo,
ADN,True,,ADN,Aero Dienst,
,True,3W,3W*,Malawian Airlines,
RSR,True,BF,BF*,Aero-Service,
SBM,True,Q7,Q7,SkyBahamas,
VTM,True,,VTM,Aeronaves TSM,
MAA,True,M7,MY,MasAir,
TNO,True,6R,6R,AeroUnion,
CVA,True,CV,CV*,Air Chathams,
SEH,True,GQ,GQ,Sky Express,
UTY,True,QQ,QQ,Alliance Airlines,
AGV,True,7T,7T*,Air Glaciers,
ASJ,True,6O,6O,Exact Air,
NOV,True,O9,O9,Nova Airways,
AKL,True,4A,4A*,Air Kiribati,
,True,DR,DR,Air Link,
AEY,True,I9,AEY,Air Italy,
VIM,True,VL,VIM,Air Via,
,True,GZ,GZ,Air Rarotonga,
SEY,True,HM,HM,Air Seychelles,
ASD,True,4D,4D,Air Sinai,
RSI,True,YI,YI,Air Sunshine,
APF,True,HP,APF,Amapola,
,True,8T,8T,Air Tindi,
LTD,True,9X,LTD,Southern Airways Express,
MHS,True,E9,MHS,Air Memphis,
RCH,True,MC,MC,Air Mobility Command,
WAF,True,F4,WAF,Air Flamenco,
,True,4P,4P*,Travel Air,
LGW,True,HE,HE,LGW,
APC,True,,APC,Airpac Airlines,
AJX,True,NQ,NQ,Air Japan,
ZAV,True,ZK,ZK*,Aircompany ZetAvia,
AWK,True,,AWK,Airwork (NZ),
MHK,True,NR,6N,Al-Naser Airlines,
AYL,True,N6,N6,Alpine Air,
AER,True,KO,KO,ACE Air Cargo,
BBG,True,BZ,BBG,Blue Bird Airways,
AJK,True,4W,AJK,Allied Air,
,True,3A,3A,Alliance Airlines,
,True,X4,X4,Air Excursions,
USC,True,,USC,AirNet,
ALC,True,,ALC,American Linehaul Corporation,
SMJ,True,Z3,SMJ,Avient Aviation,
AJT,True,M6,M6,Amerijet International,
NVD,True,X9,X9,JSC Avion Express,
VNL,True,JW,JW,Vanilla Air,
FLI,True,RC,RC,Atlantic Airways,
,True,1N,1N,ANA Cargo,
NGF,True,,NGF,Angel Flight America,
AGO,True,,AGO,Angola Air Charter,
ADB,True,,ADB,Antonov Airlines,
AWS,True,,AWS,Arab Wings,
PRI,True,PF,PF,Primera Air Scandinavia,
AOT,True,OE,OE*,Asia Overnight Express,
XME,True,XM,XM*,Qantas Freight,
,True,1H,1H,Asiana Airways Cargo,
DHL,True,ER,ER,Astar Air Cargo,
TLB,True,,TLB,Atlantique Air Assistance,
AZI,True,A2,AZI,Astra Airlines,
OLT,True,OL,OL,OLT Express Germany,
AZS,True,ZR,ZR*,Aviacon Zitotrans,
AJD,True,GT,GT*,Vista Georgia,
VVA,True,6I,6I,Aviast Air,
CKL,True,,CKL,Aviation Charter Services,
TCX,True,MT,TCX,Thomas Cook Airlines,
VSR,True,,VSR,Aviostart,
AHC,True,,AHC,AZAL Avia Cargo,
AMZ,True,9K,9K*,Amiyi Airlines,
BAJ,True,8Q,8Q,Baker Aviation,
BKA,True,B4,B4*,Bankair,
NEF,True,8N,8N,Barents AirLink,
BVN,True,,BVN,Baron Aviation Services,
RYA,True,7S,7S,Ryan Air,
VAS,True,V8,V8,Atran,
GTI,True,5Y,5Y,Atlas Air,
BRG,True,8E,8E,Bering Air,
BCI,True,SI,SI,Blue Islands,
HSV,True,HS,HS,Direktflyg,
CLG,True,CE,CE,Chalair,
RLR,True,,RLR,AirNow,
BBD,True,BF,BF,Bluebird Cargo,
BDA,True,BZ,BZ*,Blue Dart Aviation,
CAI,True,XC,CAI,Corendon Air,
,True,1X,1X,Buzz Airways,
DNJ,True,8N,8N*,Aerodynamics Inc.,
,True,FQ,FQ,Brindabella Airlines,
BHL,True,,BHL,Bristow Helicopters,
BIH,True,BS,BS,British International,
BML,True,5Z,5Z,Bismillah Airlines,
BUC,True,H6,BUC,Bulgarian Air Charter,
BFL,True,J4,J4,Buffalo Airways,
CLX,True,CV,CV,Cargolux,
BCC,True,8B,BCC,Business Air,
BTQ,True,4B,BAI,Boutique Air,
ICL,True,5C,5C,C.A.L. Cargo Airlines,
BID,True,,BID,BinAir,
CJR,True,,YC*,Caverton Helicopters Ltd.,
CUT,True,,CUT,Court Helicopters,
CCQ,True,,CCQ,Mustang Aviation,
CSJ,True,,CSJ,Castle Aviation,
CFA,True,,CFA,China Flying Dragon Aviation,
CLS,True,,CLS,Challenge Air,
SAW,True,6Q,6Q,Cham Wings Airlines,
CGD,True,,CGD,"Charlotte, NC Air National Guard",
,True,1M,1M,China Airlines Cargo,
CKK,True,CK,CK,China Cargo,
BGH,True,8H,BGH,BH Air,
CPT,True,,CPT,Corporate Air,
CHI,True,,CHI,Cougar Helicopters,
COY,True,7C,7C,Coyne Airways,
IRO,True,,IRO,CSA Air,
CWC,True,WE,WE,Centurion Cargo,
LXJ,True,,LXJ,Flexjet,
AAQ,True,HB,HB*,Asia Atlantic Airlines,
DGX,True,,DGX,Dasnair,
FPO,True,5O,5O,ASL Airlines France,
LTU,True,LT,LT*,Air Lituanica,
DCS,True,,DCS,DC Aviation,
JOS,True,L3,L3*,DHL de Guatemala,
EPS,True,,EPS,Epps Air Service,
EXV,True,8D,8D,FitsAir,
,True,1L,1L,Dragonair Cargo,
DAE,True,D5,D5,DHL Aero Expreso,
ETJ,True,EG,ETJ,East Air,
DNM,True,J7,3D,Denim Air,
TUD,True,4Y,4Y,Yute Air Alaska,
GMQ,True,GI,GI*,Germania Express,
CFS,True,EM,EM,Empire Airlines,
ERT,True,B8,B8,Eritrean Airlines,
FXT,True,W2,W2,FlexFlight,
ELO,True,K2,K2,EuroLot,
FAT,True,FT,FAT,ASL Airlines Switzerland,
EDW,True,WK,EDW,Edelweiss Air,
,True,1G,1G,Eva Airways Cargo,
EIA,True,EZ,EZ,Evergreen International,
DHX,True,ES,ES*,DHL Aviation EEMEA,
FCX,True,FC,FC*,Falcon Express Cargo,
EXK,True,OW,OW,Executive Airlines,
EJM,True,,EJM,Executive Jet Management,
EZD,True,Z2,Z2,AirAsia Zest,
FFM,True,FY,FY,Firefly,
ESF,True,E7,E7*,Estafeta,
ERA,True,,ERA,Aerotaxis Tucan,
DHK,True,D0,D0,DHL Air,
IFA,True,F3,IFA,FAI rent-a-jet,
FDX,True,FX,FX,FedEx,
FAH,True,,FAH,ASL Airlines Hungary,
FLX,True,,FLX,Flight Express,
OPT,True,,OPT,Flight Options,
FWL,True,RF,RF,Florida West International Airways,
FHY,True,FH,FHY,Freebird Airlines,
FYG,True,,FYG,Flying Service,
,True,1F,1F,Forward Air,
FRG,True,,FRG,Freight Runners Express,
PJS,True,PP,PP,Jet Aviation,
GMA,True,,GMA,Gama Aviation,
GES,True,G5,GP*,Gestair,
HLI,True,HS,H4,Heli Securite,
HTA,True,9I,9I,Helitrans AS,
GBG,True,7G,GBG,Global Jet,
GSS,True,XH,GSS,Global Supply Systems,
JLJ,True,XM,XM1,J-Air,
MNT,True,5M,5M,FlyMontserrat ,
JBA,True,JB,JB,Helijet International,
GLP,True,GH,GH,Globus,
SLT,True,QP,QP,Starlight Airlines,
,True,IU,IU,Hevi Lift (PNG),
BIS,True,GY,GY*,Sky Bishkek,
NTH,True,,NTH,Hokkaido Air System,
INR,True,UV,UV,INAER,
,True,HB,HB,Homer Air,
IRB,True,B9,B9,Iran Airtour Airline,
CSQ,True,II,II,IBC Airways,
IFL,True,,IFL,IFL Group,
IAR,True,V8,V8*,Iliamna Air Taxi,
IFT,True,,IFT,Interflight,
IOS,True,5Y,5Y*,Isles Of Scilly Skybus,
JAA,True,JF,JF*,Jet Asia Airways,
,True,1J,1J,JAL Cargo,
,True,QJ,QJ,Jet Airways,
JAG,True,,JAG,Jetalliance Flugbetriebs,
JEF,True,,JEF,Jetflite,
MIX,True,MG,MG,Midex Airlines,
MVI,True,,MVI,Harrods Aviation,
DRU,True,6R,6R*,Alrosa Air,
MSA,True,M4,MSA,Mistral Air,
JTG,True,JO,JG,Jet Time,
CKS,True,K4,K4,Kalitta Air,
,True,KT,KT,Katami Air,
KFA,True,KW,KFA,Kelowna Flightcraft Air Charter,
KEE,True,BZ,BZ,Keystone Air,
BEZ,True,,BEZ,Kingfisher Air Service,
,True,1K,1K,Korean Air Cargo,
KTS,True,,KTS,Kotlas Air,
LYD,True,,LYD,LyddAir,
BSK,True,LL,BSK,Miami Air International,
MNL,True,,MNL,MiniLiner,
KDC,True,XC,XC,KD Air,
SKQ,True,,SKQ,LabCorp,
,True,LE,LE,Laparkan Airways,
,True,J6,J6,Larry's Flying Service,
LAU,True,,LAU,Lineas Aereas Suramericanas,
JBR,True,3B,3B,Central Connect Airlines,
LNX,True,,LNX,London Executive Aviation,
MZS,True,,M2,Mahfooz Aviation,
LCO,True,UC,UC,LAN Cargo,
,True,M2,M2*,Millon Express,
ABG,True,4R,4R*,Royal Flight Airlines,
MDH,True,3Y,MDH,Madina Air,
KHO,True,,KHO,Aircompany KHORS,
EAA,True,KR,EAA,Air Bishkek,
MRA,True,,MRA,Martinaire,
TCW,True,HQ,FQ*,Thomas Cook Belgium,
MNO,True,JE,JE,Mango,
MEC,True,4X,4X*,Mercury World Cargo,
QNK,True,N9,N9,Kabo Air,
MEI,True,,MEI,Merlin Airways,
KFS,True,K9,KFS,Kalitta Charters,
MNB,True,MB,MB,MNG Airlines,
MDV,True,2M,2M,Moldavian Airlines,
MGX,True,YM,YM,Montenegro Airlines,
MAX,True,,MAI,Max Aviation,
MAL,True,,MAL,Morningstar Air Express,
KNE,True,XY,XY,flynas,
NCR,True,N8,N8,National Airlines,
NAY,True,ZN,ZN,NAYSA,
NCA,True,KZ,KZ,NCA - Nippon Cargo Airlines,
KZU,True,GO,GO*,ULS Airlines Cargo,
NRR,True,5C,5C*,Nature Air,
NAS,True,,NAS,NASA,
CAD,True,8F,CAD,Cardig Air,
NFA,True,M3,M3*,Air Norway,
NJE,True,,NJE,NetJets Europe,
UBA,True,UB,UB,Myanma National Airlines,
OKA,True,BK,BK,Okay Airways,
PGT,True,PC,PC,Pegasus,
,True,YH,YH*,Sunsplash Aviation,
ODS,True,5K,5K,Odessa Airlines,
OAE,True,OY,OAE,Omni Air International,
LBT,True,BJ,BJ,Nouvelair Tunisie,
RCY,True,,RCY,"Package Express, Inc.",
MMD,True,6I,6I*,Air Alsie,
MTN,True,C2,MTN,Mountain Air Cargo,
PHB,True,PE,PE,Phoebus Apollo Aviation,
NCB,True,,NCB,North Cariboo Air,
,True,3X,3X*,Premier Trans Aire,
PWF,True,8W,8W,Private Wings,
PWA,True,,PWA,Priester Aviation,
AZQ,True,ZP,ZP*,Silk Way Airlines,
NMI,True,LW,LW,Pacific Wings,
,True,Z3,Z3,Promech Air,
PAS,True,6D,6D,PT. Pelita Air,
LBQ,True,,LBQ,Quest Diagnostics,
MSI,True,M9,M9,Motor Sich Airlines,
EJA,True,1I,1I,NetJets Aviation,
RAX,True,,RAX,Royal Air Charter,
SFR,True,FA,FA*,Safair,
SQC,True,,SQC,Singapore Airlines Cargo,
SKG,True,GV,SKG,Sky Gabon,
UPS,True,5X,5X,UPS,
,True,W9,W9,Sky Service,
,True,2E,2E,Smokey Bay Air,
TMN,True,HJ,HJ,Tasman Cargo Airlines,
SGB,True,5K,F3*,Sky King,
SOO,True,9S,SOO,Southern Air,
TPA,True,QT,QT,Avianca Cargo,
VIN,True,BF,VAL,Vincent Aviation,
TAG,True,,TAG,TAG Aviation USA,
VEC,True,V4,V4,Vensecar International,
TNR,True,4E,4E,Tanana Air Service,
BNC,True,,BNC,Sundance Air,
BLX,True,6B,6B,TUIfly Nordic,1-800-538-2583
TSG,True,Q8,Q8*,Trans Air Congo,
JUS,True,UJ,JUS,USA Jet Airlines,
VKG,True,DK,DK,Thomas Cook Airlines Scandinavia,
PBL,True,,PBL,Virgin Samoa,
TQN,True,K3,K3,Taquan Air,
AWU,True,7E,7E,Sylt Air,
RTM,True,7T,RTM,Trans AM,
JNY,True,,UJT,Journey Aviation,
RMY,True,TH,TH,Raya Airways,
TMA,True,N2,TL,TMA Cargo,
TST,True,,TST,Trast,
BTN,True,B3,B3*,Tashi Air,
,True,6T,TRA,Turks Air,
TYW,True,,TYW,Tyrol Air Ambulance,
VFC,True,0V,0V,VASCO,
AWC,True,ZT,AWC,Titan Airways,
VIB,True,,VIB,Vibro Air Flugservice,
VPB,True,,VPB,Veteran Air,
MOV,True,NN,NN,VIM Airlines,
VDA,True,VI,VI,Volga-Dnepr,
VTK,True,,VTK,Vostok Airlines,
VAL,True,VC,VC*,Voyageur Airways,
NTJ,True,2N,2N,NextJet ,
YZR,True,Y8,Y8,Yangtze River Express,
WDL,True,,WDL,WDL Aviation,
SWN,True,PT,PT,West Air,
WLX,True,,WLX,West Air Luxembourg,
,True,8O,8O,West Coast Air,
LLM,True,YC,YC,Yamal Airlines,
WAE,True,,WAE,Western Air Express,
WEN,True,,WEN,WestJet Encore,
WIG,True,,WIG,Wiggins Airways,
QGA,True,,QGA,Windrose Air,
WOA,True,WO,WO,World Airways,
WRT,True,8V,8V,Wright Air,
OVA,True,,OVA,Aeronova,
CXP,True,XP,XP,Xtra Airways,
SKV,True,RS,RS,Sky Regional,
MGC,True,M5,M5*,Air Cargo Mongolia,
WRC,True,7W,7W,Wind Rose Aviation Company,
MLA,True,Q5,Q5,40-Mile Air,
CTA,True,,CTA,Aero Charter and Transport,
LET,True,,LET,Aerolineas Ejecutivas,
WLC,True,2W,2W,Welcome Air,
WAV,True,4W,4W,Warbelow's Air Ventures,
AEP,True,,AEP,AEROTEC,
PCM,True,,PCM,West Air (USA),
AAG,True,,AAG,Air Atlantique,
PBU,True,8Y,8Y,Air Burundi,
LLC,True,S5,LLC,Small Planet Airlines,
AIB,True,,AIB,Airbus Industrie,
CYL,True,CT,CT,Alitalia CityLiner,
DEX,True,DM,DM*,Asian Air,
VTE,True,LF,VTE,Corporate Flight Management,
XAA,True,XA,XA,ARINC,
RSY,True,H5,RSY,iFly Airlines,
BAL,True,L9,L9,Belle Air Europe,
BGA,True,4Y,BGA,Airbus Transport International,
,True,FU,FUA,BudgetAir,
CAV,True,MO,MO,Calm Air International,
CXH,True,XW,XW,China Xinhua Airlines,
FYN,True,,FYN,Comfort Air,
CON,True,,CON,ConocoPhillips,
HAG,True,H6,H6,Ravn Connect,
THU,True,,THU,Thunder Airlines,
GAF,True,,GAF,Luftwaffe,
,True,7Y,7Y*,Mann Yadanarpon Airlines,
UJC,True,UE,UJC,Ultimate Jetcharters,
FRE,True,FP,FP,Freedom Air,
QUE,True,,QUE,Gouvernement Du Quebec,
,True,BH,BH,Hawkair Aviation,
,True,IL,IL,LankAir,
IBX,True,FW,FW,IBEX Airlines,
LCG,True,4V,4V,Lignes Aeriennes Congolaises,
GMR,True,Y5,Y5*,Golden Myanmar Airlines,
KSZ,True,S6,S6*,Sunrise Airways,
LLY,True,,LLY,Let's Fly,
MCJ,True,VM,VM,Macair Jet,
SGR,True,GW,GW*,Skygreece Airlines,
SVW,True,,SVW,Global Jet Luxembourg,
LIS,True,,LIS,Luk Aero,
DBB,True,2A,2A,Deutsche Bahn,
AYG,True,YH,YH,Yangon Airways,
LAV,True,JQ,LAV,AlbaStar,
TWI,True,TI,TWI,Tailwind,
VRR,True,2R,2R,VIA Rail Canada,
WLN,True,9L,9L*,West Link Airlines,
,True,9B,9B,AccesRail,
,True,2V,2V,Amtrak,
,True,5Y,ERL,Express Rail LInk,
AYD,True,Y6,AYD,AB Aviation,
,True,,NSH,NS Hispeed,
,True,,SFR,Swiss Federal Railways,
SRN,True,,SRN,Sprint Air,
,True,3A,3AC,Chu Kong Passenger Transport,
,True,2H,2H*,Thalys International,
,True,9F,9F,Eurostar,
,True,P1,P1,PublicCharters.com,
EWR,True,ZD,EWR,EWA Air,
,True,H5,H5*,Haiti Aviation,
,True,AO,AO*,Air One Aviation,
IGA,True,TE,TE*,Sky Taxi,
,True,SH,SH,Sharp Airlines,
GMT,True,,GMT,Magnicharters,
BJK,True,EX,EX*,Atlantic Airlines,
SWT,True,WT,SWT,Swiftair,
UVA,True,UV,UV*,Universal Airways,
AWM,True,YJ,YJ*,Asian Wings Airways,
VQI,True,VP,VP*,Flyme,
BKV,True,BQ,BQ*,Bukovyna Airlines,
AYE,True,YI,YI*,Yunnan Ying'An Airlines,
SGD,True,XO,XO*,South East Asian Airlines (SEAIR),
NLH,True,DU,DU*,Norwegian Long Haul,
NWG,True,,NWG,AirWing,
,True,V9,V9*,Citywing,
GGN,True,ZX,ZX,Air Georgian,
MEG,True,LV,MEG,MEGA Maldives Airlines,
CSG,True,UY,UY*,Air Caucasus,
MSC,True,SM,MSC,Air Cairo,
SHE,True,,SHE,Shell Aircraft,
NLU,True,8I,8I*,InselAir Aruba,
MWG,True,7B,7B*,MASwings,
,True,DI,Y6*,Cambodia Airlines,
BGY,True,BO,BO*,Bingo Airways,
GHT,True,G6,0G,Ghadames Air,
TOW,True,T2,TOW,AirTanker Services Limited,
GAL,True,,GAL,Alianza Glancelot C.A.,
BDR,True,J4,J4*,Badr Airlines,
CSH,True,FM,FM,Shanghai Airlines,
RGN,True,Y2,Y2*,Cygnus Air,
CRA,True,C8,CRA,Cronos Airlines,
GAK,True,5S,5S,Global Aviation Services,
KMA,True,KO,KMA,Komiaviatrans,
MNU,True,7Q,7Q*,Elite Airways,
VOZ,True,VA,VA,Virgin Australia,
AHK,True,LD,LD,AHK,
VNE,True,AW,VNE,Venezolana,
HND,True,OI,OI*,Hinterland Aviation,
SWM,True,ZA,ZA*,Sky Angkor,
UCR,True,DW,DW,Aero-Charter,
KZS,True,ZS,ZS*,Kazaviaspas,
ALW,True,K4,ALS,ALS,
RLB,True,R4,R4*,RUS Aviation,
MAF,True,N3,N3,Aerolineas MAS,
BIE,True,ML,BIE,Air Mediterranee,
EHN,True,EA,EA*,East Horizon Airlines,
KAI,True,KI,KAI,Kaiser Air,
LCT,True,,LCT,TAR Aerolineas,
VAX,True,ZV,VAX,V Air,
SFJ,True,7G,7G*,StarFlyer,
TAX,True,XJ,XJ*,Thai AirAsia X,
TAE,True,EQ,EQ,TAME,
BVT,True,J8,J8,Berjaya Air,
ONX,True,OG,OG,Air Onix,
ATC,True,TC,TC,Air Tanzania,
SDA,True,S8,SDA,Sounds Air,
TUP,True,4B,4B,Aviastar-TU,
BGT,True,,BGT,Bergen Air Transport,
ARR,True,QN,QN*,Air Armenia,
SBS,True,BB,BB,Seaborne Airlines,
CNB,True,ZM,ZM*,Cityline Hungary,
MIH,True,9M,9M*,Massy Airlines,
,True,XT,XT*,Indonesia AirAsia X,
RVF,True,7H,7H,Ravn Alaska,
NOK,True,DD,DD,Nok Air,
,True,FU,FU*,Fuzhou Airlines,
CYZ,True,CF,8Y*,China Postal Airlines,
DCX,True,,DCX,Pentastar Aviation,
FJW,True,,FJW,Fastjet Zimbabwe,
LWA,True,YL,YL*,Libyan Wings,
XAR,True,XN,XN,Xpressair,
EUW,True,,EUW,EFS European Flight Service,
VGV,True,,VGV,Vologda Air Company,
EVJ,True,,EVJ,Everjets,
PWD,True,7N,7Q,Pan American Dominicana,
